Slot,MobID,ClipName,StartFrame,Length,DiskLabel,SourcePath
FOR CONFORM,urn:smpte:umid:060a2b34.01010105.01010f10.13000000.edad5e92.07968006.75215065.f31b9dcf,,84,30,,
V1,urn:smpte:umid:060a2b34.01010105.01010f10.13000000.edad63e9.07968006.8c7a5065.f31b9dcf,,0,1228,,
,urn:smpte:umid:060a2b34.01010101.01010f00.13a10000.d6c5743a.7327f011.92602cb6.9d044aba,,1490762,1228,,
,urn:smpte:umid:060a2b34.01010101.01010f00.13a10000.d6c5743a.7327f011.92602cb6.9d044aba,,1490762,1228,,
V1,urn:smpte:umid:060a2b34.01010105.01010f10.13000000.edad63e9.07968006.8c7a5065.f31b9dcf,,0,1228,,
,urn:smpte:umid:060a2b34.01010101.01010f00.13a10000.d6c5743a.7327f011.92602cb6.9d044aba,,1490762,1228,,
,urn:smpte:umid:060a2b34.01010101.01010f00.13a10000.d6c5743a.7327f011.92602cb6.9d044aba,,1490762,1228,,
FOR CONFORM,urn:smpte:umid:060a2b34.01010105.01010f10.13000000.0e58932b.07968006.51025065.f31b9dcf,,2884,38,,
V1,urn:smpte:umid:060a2b34.01010105.01010f10.13000000.0e589fe7.07968006.47685065.f31b9dcf,,0,3181,,
,urn:smpte:umid:060a2b34.01010101.01010f00.13a10000.22312469.7427f011.92602cb6.9d044aba,,1503458,3181,,
,urn:smpte:umid:060a2b34.01010101.01010f00.13a10000.22312469.7427f011.92602cb6.9d044aba,,1503458,3181,,
V1,urn:smpte:umid:060a2b34.01010105.01010f10.13000000.0e589fe7.07968006.47685065.f31b9dcf,,0,3181,,
,urn:smpte:umid:060a2b34.01010101.01010f00.13a10000.22312469.7427f011.92602cb6.9d044aba,,1503458,3181,,
,urn:smpte:umid:060a2b34.01010101.01010f00.13a10000.22312469.7427f011.92602cb6.9d044aba,,1503458,3181,,
FOR CONFORM,urn:smpte:umid:060a2b34.01010105.01010f10.13000000.9f754550.07688006.80623013.8bebd03f,,240,367,,
WW2D_ARC_966_M_GETTY_537133695.jpg,urn:smpte:umid:060a2b34.01010105.01010f10.13000000.9f7545ce.07688006.85893013.8bebd03f,,0,750,,
,urn:smpte:umid:060a2b34.01010105.01010f10.13000000.9f7545d0.07688006.57a53013.8bebd03f,,0,750,,
,urn:smpte:umid:060a2b34.01010105.01010f10.13000000.9f7545d0.07688006.57a53013.8bebd03f,,0,750,,
WW2D_ARC_966_M_GETTY_537133695.jpg,urn:smpte:umid:060a2b34.01010105.01010f10.13000000.9f7545ce.07688006.85893013.8bebd03f,,0,750,,
,urn:smpte:umid:060a2b34.01010105.01010f10.13000000.9f7545d0.07688006.57a53013.8bebd03f,,0,750,,
,urn:smpte:umid:060a2b34.01010105.01010f10.13000000.9f7545d0.07688006.57a53013.8bebd03f,,0,750,,
FOR CONFORM,urn:smpte:umid:060a2b34.01010105.01010f10.13000000.363ff887.05918006.2c8478ac.c03c8af9,,800,213,,
,urn:smpte:umid:060a2b34.01010101.01010f00.13000000.060e2b34.7f7f2a80.68623fbb.fc4a12d7,,0,1827,,
,urn:smpte:umid:060a2b34.01010105.01010f10.13000000.363ff8a8.05918006.606478ac.c03c8af9,,0,1827,,
,urn:smpte:umid:060a2b34.01010100.01010f00.13000000.90ece3cc.9f5a9113.19e45428.0af7abf7,,2,1827,,
,urn:smpte:umid:060a2b34.01010100.01010f00.13000000.90ece3cc.9f5a9113.19e45428.0af7abf7,,2,1827,,
,urn:smpte:umid:060a2b34.01010105.01010f10.13000000.363ff909.05918006.34d078ac.c03c8af9,,0,1827,,
,urn:smpte:umid:060a2b34.01010100.01010f00.13000000.90ece3cc.9f5a9113.19e45428.0af7abf7,,2,1827,,
,urn:smpte:umid:060a2b34.01010100.01010f00.13000000.90ece3cc.9f5a9113.19e45428.0af7abf7,,2,1827,,
,urn:smpte:umid:060a2b34.01010105.01010f10.13000000.363ff960.05918006.a20a78ac.c03c8af9,,0,1827,,
,urn:smpte:umid:060a2b34.01010100.01010f00.13000000.90ece3cc.9f5a9113.19e45428.0af7abf7,,2,1827,,
,urn:smpte:umid:060a2b34.01010100.01010f00.13000000.90ece3cc.9f5a9113.19e45428.0af7abf7,,2,1827,,
,urn:smpte:umid:060a2b34.01010105.01010f10.13000000.363ff8a8.05918006.606478ac.c03c8af9,,0,1827,,
,urn:smpte:umid:060a2b34.01010100.01010f00.13000000.90ece3cc.9f5a9113.19e45428.0af7abf7,,2,1827,,
,urn:smpte:umid:060a2b34.01010100.01010f00.13000000.90ece3cc.9f5a9113.19e45428.0af7abf7,,2,1827,,
,urn:smpte:umid:060a2b34.01010101.01010f00.13000000.060e2b34.7f7f2a80.68623fbb.fc4a12d7,,0,1827,,
,urn:smpte:umid:060a2b34.01010105.01010f10.13000000.363ff8a8.05918006.606478ac.c03c8af9,,0,1827,,
,urn:smpte:umid:060a2b34.01010100.01010f00.13000000.90ece3cc.9f5a9113.19e45428.0af7abf7,,2,1827,,
,urn:smpte:umid:060a2b34.01010100.01010f00.13000000.90ece3cc.9f5a9113.19e45428.0af7abf7,,2,1827,,
,urn:smpte:umid:060a2b34.01010105.01010f10.13000000.363ff909.05918006.34d078ac.c03c8af9,,0,1827,,
,urn:smpte:umid:060a2b34.01010100.01010f00.13000000.90ece3cc.9f5a9113.19e45428.0af7abf7,,2,1827,,
,urn:smpte:umid:060a2b34.01010100.01010f00.13000000.90ece3cc.9f5a9113.19e45428.0af7abf7,,2,1827,,
,urn:smpte:umid:060a2b34.01010105.01010f10.13000000.363ff960.05918006.a20a78ac.c03c8af9,,0,1827,,
,urn:smpte:umid:060a2b34.01010100.01010f00.13000000.90ece3cc.9f5a9113.19e45428.0af7abf7,,2,1827,,
,urn:smpte:umid:060a2b34.01010100.01010f00.13000000.90ece3cc.9f5a9113.19e45428.0af7abf7,,2,1827,,
,urn:smpte:umid:060a2b34.01010105.01010f10.13000000.363ff909.05918006.34d078ac.c03c8af9,,0,1827,,
,urn:smpte:umid:060a2b34.01010100.01010f00.13000000.90ece3cc.9f5a9113.19e45428.0af7abf7,,2,1827,,
,urn:smpte:umid:060a2b34.01010100.01010f00.13000000.90ece3cc.9f5a9113.19e45428.0af7abf7,,2,1827,,
,urn:smpte:umid:060a2b34.01010101.01010f00.13000000.060e2b34.7f7f2a80.68623fbb.fc4a12d7,,0,1827,,
,urn:smpte:umid:060a2b34.01010105.01010f10.13000000.363ff8a8.05918006.606478ac.c03c8af9,,0,1827,,
,urn:smpte:umid:060a2b34.01010100.01010f00.13000000.90ece3cc.9f5a9113.19e45428.0af7abf7,,2,1827,,
,urn:smpte:umid:060a2b34.01010100.01010f00.13000000.90ece3cc.9f5a9113.19e45428.0af7abf7,,2,1827,,
,urn:smpte:umid:060a2b34.01010105.01010f10.13000000.363ff909.05918006.34d078ac.c03c8af9,,0,1827,,
,urn:smpte:umid:060a2b34.01010100.01010f00.13000000.90ece3cc.9f5a9113.19e45428.0af7abf7,,2,1827,,
,urn:smpte:umid:060a2b34.01010100.01010f00.13000000.90ece3cc.9f5a9113.19e45428.0af7abf7,,2,1827,,
,urn:smpte:umid:060a2b34.01010105.01010f10.13000000.363ff960.05918006.a20a78ac.c03c8af9,,0,1827,,
,urn:smpte:umid:060a2b34.01010100.01010f00.13000000.90ece3cc.9f5a9113.19e45428.0af7abf7,,2,1827,,
,urn:smpte:umid:060a2b34.01010100.01010f00.13000000.90ece3cc.9f5a9113.19e45428.0af7abf7,,2,1827,,
,urn:smpte:umid:060a2b34.01010105.01010f10.13000000.363ff960.05918006.a20a78ac.c03c8af9,,0,1827,,
,urn:smpte:umid:060a2b34.01010100.01010f00.13000000.90ece3cc.9f5a9113.19e45428.0af7abf7,,2,1827,,
,urn:smpte:umid:060a2b34.01010100.01010f00.13000000.90ece3cc.9f5a9113.19e45428.0af7abf7,,2,1827,,
,urn:smpte:umid:060a2b34.01010101.01010f00.13000000.060e2b34.7f7f2a80.68623fbb.fc4a12d7,,0,1827,,
,urn:smpte:umid:060a2b34.01010105.01010f10.13000000.363ff8a8.05918006.606478ac.c03c8af9,,0,1827,,
,urn:smpte:umid:060a2b34.01010100.01010f00.13000000.90ece3cc.9f5a9113.19e45428.0af7abf7,,2,1827,,
,urn:smpte:umid:060a2b34.01010100.01010f00.13000000.90ece3cc.9f5a9113.19e45428.0af7abf7,,2,1827,,
,urn:smpte:umid:060a2b34.01010105.01010f10.13000000.363ff909.05918006.34d078ac.c03c8af9,,0,1827,,
,urn:smpte:umid:060a2b34.01010100.01010f00.13000000.90ece3cc.9f5a9113.19e45428.0af7abf7,,2,1827,,
,urn:smpte:umid:060a2b34.01010100.01010f00.13000000.90ece3cc.9f5a9113.19e45428.0af7abf7,,2,1827,,
,urn:smpte:umid:060a2b34.01010105.01010f10.13000000.363ff960.05918006.a20a78ac.c03c8af9,,0,1827,,
,urn:smpte:umid:060a2b34.01010100.01010f00.13000000.90ece3cc.9f5a9113.19e45428.0af7abf7,,2,1827,,
,urn:smpte:umid:060a2b34.01010100.01010f00.13000000.90ece3cc.9f5a9113.19e45428.0af7abf7,,2,1827,,
,urn:smpte:umid:060a2b34.01010105.01010f10.13000000.363ff8a8.05918006.606478ac.c03c8af9,,0,1827,,
,urn:smpte:umid:060a2b34.01010100.01010f00.13000000.90ece3cc.9f5a9113.19e45428.0af7abf7,,2,1827,,
,urn:smpte:umid:060a2b34.01010100.01010f00.13000000.90ece3cc.9f5a9113.19e45428.0af7abf7,,2,1827,,
